{
  "magn_field": {
    "0": 1.5,
    "1": 1.42875,
    "2": 1.3575,
    "3": 1.28625,
    "4": 1.215,
    "5": 1.14375,
    "6": 1.0725,
    "7": 1.00125,
    "8": 0.93,
    "9": 0.85875,
    "10": 0.7875,
    "11": 0.71625,
    "12": 0.645,
    "13": 0.57375,
    "14": 0.5025,
    "15": 0.43125,
    "16": 0.36,
    "17": 0.28875,
    "18": 0.2175,
    "19": 0.14625,
    "20": 0.075
  },
  "harmonic1": {
    "0": 24.860130065,
    "1": 27.6112556278,
    "2": 30.3623811906,
    "3": 33.6637318659,
    "4": 37.5153076538,
    "5": 42.4673336668,
    "6": 47.9695847924,
    "7": 54.5722861431,
    "8": 62.8256628314,
    "9": 72.7297148574,
    "10": 85.9351175588,
    "11": 102.4418709355,
    "12": 123.3504252126,
    "13": 151.9621310655,
    "14": 191.028114057,
    "15": 245.5004002001,
    "16": 324.1825912956,
    "17": 439.1796398199,
    "18": 607.5485242621,
    "19": 838.0928464232,
    "20": 1090.095947974
  },
  "harmonic3": {
    "0": 74.9306153077,
    "1": 82.0835417709,
    "2": 90.8871435718,
    "3": 100.7911955978,
    "4": 112.3459229615,
    "5": 126.6517758879,
    "6": 143.1585292646,
    "7": 163.5168584292,
    "8": 188.2769884942,
    "9": 218.5393696848,
    "10": 257.0551275638,
    "11": 306.0251625813,
    "12": 370.4015007504,
    "13": 455.6863931966,
    "14": 572.8843421711,
    "15": 736.3012006003,
    "16": 971.7975487744,
    "17": null,
    "18": null,
    "19": null,
    "20": null
  },
  "harmonic5": {
    "0": 124.4508754377,
    "1": 136.555827914,
    "2": 151.411905953,
    "3": 167.9186593297,
    "4": 187.7267633817,
    "5": 210.8362181091,
    "6": 238.8976988494,
    "7": 272.4614307154,
    "8": 313.1780890445,
    "9": 364.3490245123,
    "10": 428.1751375688,
    "11": 510.1586793397,
    "12": 617.4525762881,
    "13": 759.9608804402,
    "14": 954.7405702851,
    "15": null,
    "16": null,
    "17": null,
    "18": null,
    "19": null,
    "20": null
  }
}